{
  "quantum_mechanics": {
    "computational_basis_match": true,
    "bell_basis_match": false,
    "pure_state_rho": [
      [
        0.4999999999999999,
        0.0,
        0.0,
        0.4999999999999999
      ],
      [
        0.0,
        0.0,
        0.0,
        0.0
      ],
      [
        0.0,
        0.0,
        0.0,
        0.0
      ],
      [
        0.4999999999999999,
        0.0,
        0.0,
        0.4999999999999999
      ]
    ],
    "mixed_state_rho": [
      [
        0.5,
        0.0,
        0.0,
        0.0
      ],
      [
        0.0,
        0.0,
        0.0,
        0.0
      ],
      [
        0.0,
        0.0,
        0.0,
        0.0
      ],
      [
        0.0,
        0.0,
        0.0,
        0.5
      ]
    ]
  },
  "lagrangian_mechanics": {
    "L1_value": -1.875,
    "L2_value": -0.875,
    "lagrangians_differ": true,
    "EOMs_match": true
  }
}